cookie,timestamp,tokens
csrftoken=8h2Ll3R5bskusVEiWmejefbw7TdUuNxh,2023-06-29T17:08:35.397Z,774
csrftoken=8h2Ll3R5bskusVEiWmejefbw7TdUuNxh,2023-06-29T17:08:47.961Z,802
csrftoken=8h2Ll3R5bskusVEiWmejefbw7TdUuNxh,2023-06-29T17:08:57.196Z,837
csrftoken=8h2Ll3R5bskusVEiWmejefbw7TdUuNxh,2023-06-29T17:09:04.680Z,868
csrftoken=8h2Ll3R5bskusVEiWmejefbw7TdUuNxh,2023-06-29T17:09:52.416Z,741
csrftoken=8h2Ll3R5bskusVEiWmejefbw7TdUuNxh,2023-06-29T17:10:13.549Z,775
csrftoken=8h2Ll3R5bskusVEiWmejefbw7TdUuNxh,2023-06-29T17:10:37.005Z,1744
csrftoken=8h2Ll3R5bskusVEiWmejefbw7TdUuNxh,2023-06-29T17:11:05.753Z,1995
csrftoken=8h2Ll3R5bskusVEiWmejefbw7TdUuNxh,2023-07-03T14:20:50.321Z,2919
csrftoken=8h2Ll3R5bskusVEiWmejefbw7TdUuNxh,2023-07-03T14:21:58.935Z,2003
csrftoken=8h2Ll3R5bskusVEiWmejefbw7TdUuNxh,2023-07-03T14:22:23.593Z,2062
csrftoken=8h2Ll3R5bskusVEiWmejefbw7TdUuNxh,2023-07-03T14:22:44.192Z,2176
csrftoken=8h2Ll3R5bskusVEiWmejefbw7TdUuNxh,2023-07-03T14:23:18.106Z,2434
csrftoken=8h2Ll3R5bskusVEiWmejefbw7TdUuNxh,2023-07-03T14:49:29.005Z,925
csrftoken=8h2Ll3R5bskusVEiWmejefbw7TdUuNxh,2023-07-03T14:51:04.354Z,900
csrftoken=8h2Ll3R5bskusVEiWmejefbw7TdUuNxh,2023-07-03T14:51:46.184Z,3420
csrftoken=8h2Ll3R5bskusVEiWmejefbw7TdUuNxh,2023-07-03T14:52:23.745Z,2174
csrftoken=8h2Ll3R5bskusVEiWmejefbw7TdUuNxh,2023-07-03T14:53:13.878Z,5414
csrftoken=8h2Ll3R5bskusVEiWmejefbw7TdUuNxh,2023-07-03T14:54:08.520Z,5114
